{"cameraMode":{"drawMode":0,"name":"Shaded","section":"Shading Mode"},"sceneLighting":false,"audioPlay":false,"sceneViewState":{"m_AlwaysRefresh":false,"showFog":true,"showSkybox":false,"showFlares":true,"showImageEffects":true,"showParticleSystems":true,"showVisualEffectGraphs":true,"m_FxEnabled":true},"in2DMode":false,"pivot":{"x":-0.8691747188568115,"y":0.6513492465019226,"z":-6.2063751220703129},"rotation":{"x":-0.000028554091841215268,"y":-0.9999777674674988,"z":-0.0071898289024829868,"w":0.0032914960756897928},"size":4.150686740875244,"orthographic":false}