{"cameraMode":{"drawMode":0,"name":"Shaded","section":"Shading Mode"},"sceneLighting":false,"audioPlay":false,"sceneViewState":{"showFog":true,"showMaterialUpdate":false,"showSkybox":false,"showFlares":true,"showImageEffects":true,"showParticleSystems":true},"in2DMode":false,"pivot":{"x":-1.4125654697418213,"y":-3.4411566257476808,"z":-9.918992042541504},"rotation":{"x":0.013434141874313355,"y":-0.9805780053138733,"z":0.1817910224199295,"w":0.0724911242723465},"size":7.300000190734863,"orthographic":false}